"GroupID","Position","CodeID","CodeDesc","Enabled","AffectStock"
"A",1,"AA","收入","Y","Y"
"A",2,"DA","退藥","Y","Y"
"A",3,"GA","減損查獲-可使用","Y","Y"
"A",4,"HA","手動收入","Y","Y"
"A",5,"PA","盤盈","Y","Y"
"A",6,"RA","支出退回","Y","Y"
"A",7,"TA","調撥(撥入)","Y","Y"
"A",8,"IA","初期庫存量","Y","Y"
"E",1,"EE","支出","Y","Y"
"E",2,"DE","調劑","Y","Y"
"E",3,"GE","減損","Y","Y"
"E",4,"HE","手動支出","Y","Y"
"E",5,"PE","盤虧","Y","Y"
"E",6,"RE","收入退出","Y","Y"
"E",7,"TE","調撥(撥出)","Y","Y"
"H",1,"HH","手動操作","Y","Y"
